officialname,datasourcetype,openairecompatibility,n,prop
Unknown Repository,Publication Repository,not available,28288,0.46317581949765857
arXiv.org e-Print Archive,Thematic Repository,OpenAIRE Basic (DRIVER OA),23177,0.3794904542030979
Europe PubMed Central,Thematic Repository,collected from a compatible aggregator,14536,0.23800635294888167
Hyper Article en Ligne,Publication Repository Aggregator,"OpenAIRE 3.0 (OA, funding)",4712,0.0771523070373645
Mémoires en Sciences de l'Information et de la Communication,Publication Repository,OpenAIRE Basic (DRIVER OA),3894,0.06375871893113272
Hal-Diderot,Institutional Repository,"OpenAIRE 3.0 (OA, funding)",3676,0.060189278580083175
MPG.PuRe,Publication Repository Aggregator,"OpenAIRE 3.0 (OA, funding)",2097,0.03433539640436192
ZENODO,Publication Repository Aggregator,"OpenAIRE 3.0 (OA, funding)",1942,0.03179749156760651
Zenodo,Data Repository,OpenAIRE Basic (DRIVER OA),1489,0.02438026001244392
Oxford University Research Archive,Institutional Repository,OpenAIRE Basic (DRIVER OA),1225,0.020057635000163734
Apollo,Institutional Repository,OpenAIRE Basic (DRIVER OA),1217,0.01992664636342797
Infoscience - EPFL scientific publications,Institutional Repository,OpenAIRE PubRepos v4.0,1177,0.019271703179749158
SCOAP3 Repository,Thematic Repository,OpenAIRE Basic (DRIVER OA),1162,0.0190260994858696
DIGITAL.CSIC,Institutional Repository,"OpenAIRE 3.0 (OA, funding)",1127,0.018453024200150638
Lirias,Institutional Repository,"OpenAIRE 3.0 (OA, funding)",1042,0.017061269934833152
Spiral - Imperial College Digital Repository,Institutional Repository,OpenAIRE Basic (DRIVER OA),932,0.01526017617971641
HAL Descartes,Institutional Repository,"OpenAIRE 3.0 (OA, funding)",895,0.014654353734813505
bioRxiv,Thematic Repository,OpenAIRE Basic (DRIVER OA),888,0.014539738677669712
Edinburgh Research Explorer,Institutional Repository,"OpenAIRE 2.0+ (DRIVER OA, EC funding)",882,0.01444149720011789
ETH Zürich Research Collection,Data Repository,"OpenAIRE Data (funded, referenced datasets)",810,0.013262599469496022
HAL-Inserm,Institutional Repository,"OpenAIRE 3.0 (OA, funding)",730,0.01195271310213839
Radboud Repository,Institutional Repository,collected from a compatible aggregator,730,0.01195271310213839
Leiden University Repository,Institutional Repository,collected from a compatible aggregator,726,0.011887218783770508
Copenhagen University Research Information System,Institutional Repository,OpenAIRE Basic (DRIVER OA),697,0.011412384975603367
Universiteit van Amsterdam Digital Academic Repository,Institutional Repository,collected from a compatible aggregator,691,0.011314143498051543
HELDA - Digital Repository of the University of Helsinki,Institutional Repository,"OpenAIRE 3.0 (OA, funding)",671,0.010986671906212137
INRIA a CCSD electronic archive server,Institutional Repository,"OpenAIRE 3.0 (OA, funding)",593,0.009709532698038445
White Rose Research Online,Institutional Repository,collected from a compatible aggregator,572,0.009365687526607066
The University of Manchester - Institutional Repository,Institutional Repository,"OpenAIRE 2.0+ (DRIVER OA, EC funding)",565,0.009251072469463275
Norwegian Open Research Archives,Publication Repository,OpenAIRE Basic (DRIVER OA),556,0.009103710253135541
Zurich Open Repository and Archive,Institutional Repository,"OpenAIRE 3.0 (OA, funding)",548,0.008972721616399778
DESY Publication Database,Institutional Repository,"OpenAIRE 3.0 (OA, funding)",545,0.008923600877623866
Archivio istituzionale della ricerca - Alma Mater Studiorum Università di Bologna,Institutional Repository,"OpenAIRE 3.0 (OA, funding)",535,0.008759865081704163
Aaltodoc Publication Archive,Institutional Repository,"OpenAIRE 3.0 (OA, funding)",529,0.00866162360415234
Explore Bristol Research,Institutional Repository,OpenAIRE Basic (DRIVER OA),519,0.008497887808232636
RE.PUBLIC@POLIMI Research Publications at Politecnico di Milano,Institutional Repository,"OpenAIRE 3.0 (OA, funding)",499,0.008170416216393228
"NARCIS",Publication Repository Aggregator,"OpenAIRE 3.0 (OA, funding)",475,0.007777450306185939
DSpace at VU,Institutional Repository,collected from a compatible aggregator,473,0.007744703147001998
Ghent University Academic Bibliography,Institutional Repository,"OpenAIRE 2.0+ (DRIVER OA, EC funding)",471,0.007711955987818057
PURE Aarhus University,Publication Repository,"OpenAIRE 3.0 (OA, funding)",464,0.007597340930674264
CERN Document Server,Thematic Repository,"OpenAIRE 2.0+ (DRIVER OA, EC funding)",454,0.00743360513475456
Archivio della ricerca- Università di Roma La Sapienza,Institutional Repository,"OpenAIRE 3.0 (OA, funding)",430,0.00704063922454727
Durham Research Online,Institutional Repository,OpenAIRE Basic (DRIVER OA),426,0.006975144906179389
HAL-Pasteur,Institutional Repository,"OpenAIRE 3.0 (OA, funding)",420,0.006876903428627567
Research Repository of Catalonia,Publication Repository Aggregator,"OpenAIRE 3.0 (OA, funding)",415,0.006795035530667714
Publikationer från Uppsala Universitet,Institutional Repository,"OpenAIRE 2.0+ (DRIVER OA, EC funding)",413,0.006762288371483773
Enlighten,Institutional Repository,collected from a compatible aggregator,403,0.00659855257556407
Online Research Database In Technology,Institutional Repository,"OpenAIRE 2.0+ (DRIVER OA, EC funding)",395,0.006467563938828307
Repository TU/e,Institutional Repository,collected from a compatible aggregator,392,0.006418443200052395
HAL-CEA,Institutional Repository,"OpenAIRE 3.0 (OA, funding)",387,0.006336575302092543
TU Delft Repository,Institutional Repository,collected from a compatible aggregator,384,0.0062874545633166325
eScholarship - University of California,Institutional Repository,OpenAIRE Basic (DRIVER OA),377,0.006172839506172839
Warwick Research Archives Portal Repository,Institutional Repository,collected from a compatible aggregator,375,0.006140092346988898
figshare,Data Repository,collected from a compatible aggregator,355,0.005812620755149491
Online Research @ Cardiff,Institutional Repository,collected from a compatible aggregator,348,0.005698005698005698
Utrecht University Repository,Institutional Repository,collected from a compatible aggregator,332,0.005436028424534172
Caltech Authors,Institutional Repository,OpenAIRE Basic (DRIVER OA),323,0.005288666208206438
e-Prints Soton,Institutional Repository,OpenAIRE Basic (DRIVER OA),320,0.0052395454694305265
HAL AMU,Institutional Repository,"OpenAIRE 3.0 (OA, funding)",316,0.005174051151062646
Archivio Istituzionale della Ricerca dell'Università degli Studi di Milano,Institutional Repository,"OpenAIRE 3.0 (OA, funding)",314,0.005141303991878705
HAL - UPEC / UPEM,Institutional Repository,"OpenAIRE 3.0 (OA, funding)",302,0.00494482103677506
Publications Open Repository TOrino,Institutional Repository,"OpenAIRE 3.0 (OA, funding)",300,0.004912073877591119
UPF Digital Repository,Institutional Repository,"OpenAIRE 3.0 (OA, funding)",300,0.004912073877591119
UM Publications,Institutional Repository,collected from a compatible aggregator,286,0.004682843763303533
Diposit Digital de Documents de la UAB,Institutional Repository,"OpenAIRE 2.0+ (DRIVER OA, EC funding)",284,0.004650096604119592
Erasmus University Institutional Repository,Institutional Repository,collected from a compatible aggregator,278,0.004551855126567771
Archivio Istituzionale,Institutional Repository,"OpenAIRE 3.0 (OA, funding)",277,0.0045354815469758
Juelich Shared Electronic Resources,Institutional Repository,"OpenAIRE 3.0 (OA, funding)",273,0.004469987228607918
Wageningen Staff Publications,Institutional Repository,collected from a compatible aggregator,273,0.004469987228607918
HAL-IRD,Institutional Repository,"OpenAIRE 3.0 (OA, funding)",268,0.0043881193306480664
Open Access LMU,Institutional Repository,"OpenAIRE 3.0 (OA, funding)",260,0.004257130693912303
Publikationsserver der RWTH Aachen University,Institutional Repository,"OpenAIRE 3.0 (OA, funding)",257,0.004208009955136392
Jyväskylä University Digital Archive,Institutional Repository,"OpenAIRE 3.0 (OA, funding)",245,0.004011527000032747
DI-fusion,Institutional Repository,OpenAIRE Basic (DRIVER OA),244,0.003995153420440776
King's Research Portal,Institutional Repository,OpenAIRE Basic (DRIVER OA),239,0.003913285522480925
Universiteit Twente Repository,Institutional Repository,collected from a compatible aggregator,230,0.0037659233061531914
FigShare,Publication Repository Aggregator,not available,228,0.0037331761469692505
LJMU Research Online,Institutional Repository,collected from a compatible aggregator,219,0.0035858139306415167
Sussex Research Online,Institutional Repository,collected from a compatible aggregator,218,0.0035694403510495463
Open Repository and Bibliography - Luxembourg,Institutional Repository,"OpenAIRE 2.0+ (DRIVER OA, EC funding)",206,0.0033729573959459017
KNAW Repository,Institutional Repository,collected from a compatible aggregator,204,0.003340210236761961
Open Repository and Bibliography - University of Liège,Institutional Repository,OpenAIRE PubRepos v4.0,192,0.0031437272816583163
University of Southern Denmark Research Output,Institutional Repository,OpenAIRE Basic (DRIVER OA),190,0.0031109801224743754
Hyper Article en Ligne - Sciences de l'Homme et de la Société,Thematic Repository,"OpenAIRE 3.0 (OA, funding)",184,0.003012738644922553
University of Liverpool Repository,Institutional Repository,collected from a compatible aggregator,182,0.002979991485738612
KITopen,Institutional Repository,"OpenAIRE 3.0 (OA, funding)",171,0.002799882110226938
VBN,Institutional Repository,"OpenAIRE 2.0+ (DRIVER OA, EC funding)",164,0.002685267053083145
Fraunhofer-ePrints,Institutional Repository,"OpenAIRE 3.0 (OA, funding)",159,0.002603399155123293
IRIS - Institutional Research Information System of the University of Trento,Institutional Repository,"OpenAIRE 3.0 (OA, funding)",151,0.00247241051838753
Archivio istituzionale della ricerca - Università di Padova,Institutional Repository,"OpenAIRE 3.0 (OA, funding)",148,0.0024232897796116187
Nottingham Research Repository,Institutional Repository,collected from a compatible aggregator,147,0.0024069162000196482
Digital Repository of University of Zaragoza,Institutional Repository,OpenAIRE Basic (DRIVER OA),144,0.002357795461243737
Archivio della Ricerca - Università di Pisa,Institutional Repository,"OpenAIRE 3.0 (OA, funding)",142,0.002325048302059796
Jagiellonian University Repository,Institutional Repository,"OpenAIRE 3.0 (OA, funding)",139,0.0022759275632838853
Archivio istituzionale della ricerca - Università degli Studi di Venezia Ca' Foscari,Institutional Repository,"OpenAIRE 3.0 (OA, funding)",137,0.0022431804040999445
E-Prints Complutense,Institutional Repository,"OpenAIRE 2.0+ (DRIVER OA, EC funding)",136,0.002226806824507974
SISSA Digital Library,Institutional Repository,"OpenAIRE 3.0 (OA, funding)",136,0.002226806824507974
HAL-Rennes 1,Institutional Repository,"OpenAIRE 3.0 (OA, funding)",135,0.0022104332449160036
Portsmouth Research Portal,Institutional Repository,OpenAIRE Basic (DRIVER OA),131,0.002144938926548122
HAL-INSA Toulouse,Institutional Repository,"OpenAIRE 3.0 (OA, funding)",128,0.0020958181877722107
Diposit Digital de la Universitat de Barcelona,Institutional Repository,"OpenAIRE 3.0 (OA, funding)",126,0.00206307102858827
Queen's University Research Portal,Institutional Repository,OpenAIRE Basic (DRIVER OA),126,0.00206307102858827
HAL-ENS-LYON,Institutional Repository,"OpenAIRE 3.0 (OA, funding)",125,0.0020466974489962994
Archive ouverte UNIGE,Institutional Repository,"OpenAIRE 2.0+ (DRIVER OA, EC funding)",124,0.002030323869404329
Flore (Florence Research Repository),Institutional Repository,"OpenAIRE 3.0 (OA, funding)",123,0.0020139502898123586
Institutional Repository for Molecular Medicine (MDC),Publication Repository,OpenAIRE Basic (DRIVER OA),118,0.0019320823918525067
ProdInra,Institutional Repository,OpenAIRE Basic (DRIVER OA),117,0.0019157088122605363
University of Oulu Repository - Jultika,Institutional Repository,"OpenAIRE 3.0 (OA, funding)",117,0.0019157088122605363
BOA - Bicocca Open Archive,Institutional Repository,"OpenAIRE 3.0 (OA, funding)",115,0.0018829616530765957
Lille Open Archive,Institutional Repository,"OpenAIRE 3.0 (OA, funding)",113,0.0018502144938926548
ROBIS,Institutional Repository,"OpenAIRE 3.0 (OA, funding)",113,0.0018502144938926548
Publications at Bielefeld University,Institutional Repository,OpenAIRE PubRepos v4.0,108,0.0017683465959328027
RERO DOC Digital Library,Institutional Repository,OpenAIRE Basic (DRIVER OA),108,0.0017683465959328027
Project Euclid,Publication Repository Aggregator,OpenAIRE Basic (DRIVER OA),107,0.0017519730163408325
Publikationer från KTH,Institutional Repository,"OpenAIRE 2.0+ (DRIVER OA, EC funding)",107,0.0017519730163408325
Bern Open Repository and Information System (BORIS),Institutional Repository,OpenAIRE Basic (DRIVER OA),106,0.0017355994367488621
DLR publication server,Institutional Repository,OpenAIRE PubRepos v4.0,106,0.0017355994367488621
"Permanent Hosting, Archiving and Indexing of Digital Resources and Assets",Institutional Repository,OpenAIRE PubRepos v4.0,106,0.0017355994367488621
Publikationenserver der Georg-August-Universität Göttingen,Institutional Repository,"OpenAIRE 3.0 (OA, funding)",106,0.0017355994367488621
Document Server@UHasselt,Institutional Repository,"OpenAIRE 2.0+ (DRIVER OA, EC funding)",104,0.0017028522775649213
HAL - Université de Lille,Institutional Repository,"OpenAIRE 3.0 (OA, funding)",104,0.0017028522775649213
MediaTUM,Institutional Repository,"OpenAIRE 2.0+ (DRIVER OA, EC funding)",104,0.0017028522775649213
HAL-UPMC,Institutional Repository,"OpenAIRE 3.0 (OA, funding)",99,0.0016209843796050692
Repositori d'Objectes Digitals per a l'Ensenyament la Recerca i la Cultura,Institutional Repository,"OpenAIRE 3.0 (OA, funding)",99,0.0016209843796050692
University of East Anglia digital repository,Institutional Repository,OpenAIRE Basic (DRIVER OA),99,0.0016209843796050692
LSHTM Research Online,Institutional Repository,collected from a compatible aggregator,98,0.0016046108000130988
GFZ German Research Centre for Geosciences,Institutional Repository,OpenAIRE Basic (DRIVER OA),97,0.0015882372204211286
Central Archive at the University of Reading,Institutional Repository,collected from a compatible aggregator,95,0.0015554900612371877
Lancaster EPrints,Institutional Repository,OpenAIRE Basic (DRIVER OA),95,0.0015554900612371877
REPISALUD,Institutional Repository,"OpenAIRE 3.0 (OA, funding)",95,0.0015554900612371877
GSI Repository,Institutional Repository,"OpenAIRE 3.0 (OA, funding)",92,0.0015063693224612765
Tilburg University Repository,Institutional Repository,collected from a compatible aggregator,92,0.0015063693224612765
Archivio della ricerca - Università degli studi di Napoli Federico II,Institutional Repository,"OpenAIRE 3.0 (OA, funding)",90,0.0014736221632773356
PsyArXiv,Thematic Repository,OpenAIRE Basic (DRIVER OA),90,0.0014736221632773356
Publikationer från Umeå universitet,Institutional Repository,"OpenAIRE 2.0+ (DRIVER OA, EC funding)",90,0.0014736221632773356
Digital Access to Scholarship at Harvard,Institutional Repository,OpenAIRE Basic (DRIVER OA),89,0.0014572485836853652
Publikationer från Linköpings universitet,Institutional Repository,"OpenAIRE 2.0+ (DRIVER OA, EC funding)",89,0.0014572485836853652
Serveur académique lausannois,Publication Repository Aggregator,"OpenAIRE 3.0 (OA, funding)",88,0.001440875004093395
Kent Academic Repository,Institutional Repository,collected from a compatible aggregator,84,0.0013753806857255133
Strathprints,Institutional Repository,not available,82,0.0013426335265415725
ARCHIVO DIGITAL PARA LA DOCENCIA Y LA INVESTIGACION,Institutional Repository,"OpenAIRE 2.0+ (DRIVER OA, EC funding)",81,0.001326259946949602
DSpace@MIT,Institutional Repository,OpenAIRE Basic (DRIVER OA),81,0.001326259946949602
Repositorio Institucional Universidad de Granada,Institutional Repository,"OpenAIRE 3.0 (OA, funding)",81,0.001326259946949602
Archivio istituzionale della ricerca - Università di Genova,Institutional Repository,"OpenAIRE 3.0 (OA, funding)",79,0.0012935127877656614
CONICET Digital,Institutional Repository,"OpenAIRE 3.0 (OA, funding)",79,0.0012935127877656614
Open Science Framework,Data Repository,collected from a compatible aggregator,79,0.0012935127877656614
Keele Research Repository,Institutional Repository,collected from a compatible aggregator,77,0.0012607656285817206
SpringerOpen,Publication Repository Aggregator,collected from a compatible aggregator,77,0.0012607656285817206
Online-Publikations-Server der Universität Würzburg,Institutional Repository,"OpenAIRE 3.0 (OA, funding)",75,0.0012280184693977798
Publikationsserver der Universität Potsdam,Institutional Repository,"OpenAIRE 3.0 (OA, funding)",74,0.0012116448898058093
Koç University Suna Kıraç Library’s New Digital Collections Portal,Institutional Repository,OpenAIRE Basic (DRIVER OA),72,0.0011788977306218685
ResearchGate Data,Data Repository,not available,72,0.0011788977306218685
edoc,Institutional Repository,OpenAIRE Basic (DRIVER OA),68,0.001113403412253987
Institutional Repository Universiteit Antwerpen,Institutional Repository,"OpenAIRE 3.0 (OA, funding)",67,0.0010970298326620166
JAIRO,Institutional Repository Aggregator,OpenAIRE Basic (DRIVER OA),67,0.0010970298326620166
Research Papers in Economics,Thematic Repository,OpenAIRE Basic (DRIVER OA),67,0.0010970298326620166
ILL-ESRF publications,Institutional Repository Aggregator,"OpenAIRE 3.0 (OA, funding)",64,0.0010479090938861054
Electronic Publication Information Center,Institutional Repository,"OpenAIRE 2.0+ (DRIVER OA, EC funding)",63,0.001031535514294135
HAL Clermont Université,Institutional Repository,"OpenAIRE 3.0 (OA, funding)",63,0.001031535514294135
Hochschulschriftenserver - Universität Frankfurt am Main,Institutional Repository,OpenAIRE Basic (DRIVER OA),63,0.001031535514294135
Oskar Bordeaux,Institutional Repository,"OpenAIRE 3.0 (OA, funding)",63,0.001031535514294135
IRIS - Università degli Studi di Verona,Institutional Repository,"OpenAIRE 3.0 (OA, funding)",62,0.0010151619347021645
OceanRep,Institutional Repository,"OpenAIRE 2.0+ (DRIVER OA, EC funding)",60,9.824147755182239e-4
Northumbria Research Link,Institutional Repository,collected from a compatible aggregator,59,9.660411959262534e-4
BCAM's Institutional Repository Data,Institutional Repository,OpenAIRE PubRepos v4.0,58,9.49667616334283e-4
Cronfa at Swansea University,Institutional Repository,OpenAIRE Basic (DRIVER OA),58,9.49667616334283e-4
Horizon / Pleins textes,Institutional Repository,OpenAIRE Basic (DRIVER OA),58,9.49667616334283e-4
ArchiMer - Institutional Archive of Ifremer,Institutional Repository,"OpenAIRE 3.0 (OA, funding)",56,9.169204571503422e-4
BASE (Open Access Aggregator),Publication Repository Aggregator,"OpenAIRE 3.0 (OA, funding)",55,9.005468775583718e-4
University of Bath's research portal,Institutional Repository,"OpenAIRE 2.0+ (DRIVER OA, EC funding)",55,9.005468775583718e-4
Lund University Publications,Institutional Repository,"OpenAIRE 2.0+ (DRIVER OA, EC funding)",54,8.841732979664014e-4
Repositorio Institucional de la Universidad de Oviedo,Institutional Repository,"OpenAIRE 3.0 (OA, funding)",54,8.841732979664014e-4
Theses@asb,Institutional Repository,"OpenAIRE 2.0+ (DRIVER OA, EC funding)",54,8.841732979664014e-4
DepositOnce,Institutional Repository,"OpenAIRE 3.0 (OA, funding)",51,8.350525591904902e-4
Repositório Institucional da Universidade de Aveiro,Institutional Repository,"OpenAIRE 3.0 (OA, funding)",51,8.350525591904902e-4
St Andrews Research Repository,Institutional Repository,OpenAIRE Basic (DRIVER OA),50,8.186789795985198e-4
CORE (RIOXX-UK Aggregator),Publication Repository Aggregator,"OpenAIRE 3.0 (OA, funding)",49,8.023054000065494e-4
LSE Research Online,Institutional Repository,OpenAIRE Basic (DRIVER OA),48,7.859318204145791e-4
OPUS Augsburg,Institutional Repository,"OpenAIRE 3.0 (OA, funding)",48,7.859318204145791e-4
Archivio istituzionale della ricerca - Università di Brescia,Institutional Repository,"OpenAIRE 3.0 (OA, funding)",47,7.695582408226086e-4
NERC Open Research Archive,Institutional Repository,OpenAIRE Basic (DRIVER OA),45,7.368110816386678e-4
IIASA PURE,Institutional Repository,"OpenAIRE 2.0+ (DRIVER OA, EC funding)",44,7.204375020466975e-4
LAReferencia - Red Federada de Repositorios Institucionales de Publicaciones Científicas Latinoamericanas,Publication Repository Aggregator,"OpenAIRE 3.0 (OA, funding)",44,7.204375020466975e-4
Toulouse 1 Capitole Publications,Institutional Repository,OpenAIRE Basic (DRIVER OA),43,7.040639224547271e-4
TUGraz OPEN Library,Institutional Repository,"OpenAIRE 3.0 (OA, funding)",43,7.040639224547271e-4
Archivio della Ricerca - Università di Roma Tor vergata,Institutional Repository,"OpenAIRE 3.0 (OA, funding)",42,6.876903428627567e-4
Central Lancashire Online Knowledge,Institutional Repository,collected from a compatible aggregator,42,6.876903428627567e-4
Dokumentenrepositorium der RUB / RUB-Repository,Institutional Repository,"OpenAIRE 3.0 (OA, funding)",41,6.713167632707862e-4
Archivio istituzionale della Ricerca - Bocconi,Institutional Repository,OpenAIRE Basic (DRIVER OA),40,6.549431836788158e-4
Birkbeck Institutional Research Online,Institutional Repository,collected from a compatible aggregator,40,6.549431836788158e-4
Kölner UniversitätsPublikationsServer,Institutional Repository,OpenAIRE Basic (DRIVER OA),40,6.549431836788158e-4
Archivio istituzionale della ricerca - Università di Trieste,Institutional Repository,OpenAIRE Basic (DRIVER OA),39,6.385696040868455e-4
"Repository of Faculty of Science, University of Zagreb",Institutional Repository,"OpenAIRE 3.0 (OA, funding)",39,6.385696040868455e-4
Refubium - Repositorium der Freien Universität Berlin,Institutional Repository,OpenAIRE PubRepos v4.0,37,6.058224449029047e-4
Trepo - Institutional Repository of Tampere University,Institutional Repository,OpenAIRE Basic (DRIVER OA),37,6.058224449029047e-4
&lt;intR&gt;²Dok,Institutional Repository,"OpenAIRE 3.0 (OA, funding)",36,5.894488653109342e-4
Repositorio Institucional Olavide,Institutional Repository,"OpenAIRE 2.0+ (DRIVER OA, EC funding)",36,5.894488653109342e-4
<intR>²Dok[§],Data Repository,not available,35,5.730752857189638e-4
Opin visindi,Institutional Repository,"OpenAIRE 3.0 (OA, funding)",35,5.730752857189638e-4
St George's Online Research Archive,Institutional Repository,collected from a compatible aggregator,35,5.730752857189638e-4
Archivio istituzionale della ricerca - Università di Ferrara,Institutional Repository,"OpenAIRE 3.0 (OA, funding)",33,5.403281265350231e-4
Archivio Istituzionale della Ricerca - Università degli Studi della Campania &quot;Luigi Vanvitelli&quot;,Institutional Repository,"OpenAIRE 3.0 (OA, funding)",32,5.239545469430527e-4
Archivio istituzionale della ricerca - Università di Palermo,Institutional Repository,"OpenAIRE 3.0 (OA, funding)",32,5.239545469430527e-4
OAPEN Library,Publication Repository Aggregator,"OpenAIRE 3.0 (OA, funding)",32,5.239545469430527e-4
OpenMETU,Institutional Repository,OpenAIRE PubRepos v4.0,32,5.239545469430527e-4
University of Regensburg Publication Server,Institutional Repository,"OpenAIRE 2.0+ (DRIVER OA, EC funding)",32,5.239545469430527e-4
EarthArXiv,Thematic Repository,OpenAIRE Basic (DRIVER OA),31,5.075809673510823e-4
ELTE Digital Institutional Repository (EDIT),Institutional Repository,"OpenAIRE 3.0 (OA, funding)",31,5.075809673510823e-4
Giresun University Institutional Repository,Institutional Repository,OpenAIRE Basic (DRIVER OA),31,5.075809673510823e-4
Institutionelles Repositorium der Leibniz Universität Hannover,Institutional Repository,"OpenAIRE 3.0 (OA, funding)",31,5.075809673510823e-4
Usiena air - Università di Siena,Institutional Repository,"OpenAIRE 3.0 (OA, funding)",31,5.075809673510823e-4
Fachrepositorium Lebenswissenschaften,Thematic Repository,OpenAIRE Basic (DRIVER OA),30,4.912073877591119e-4
Full-text Institutional Repository of the Ruđer Bošković Institute,Institutional Repository,"OpenAIRE 3.0 (OA, funding)",30,4.912073877591119e-4
Istanbul Arel University Institutional Repository,Institutional Repository,OpenAIRE Basic (DRIVER OA),30,4.912073877591119e-4
"Eldorado - Ressourcen aus und für Lehre, Studium und Forschung",Institutional Repository,"OpenAIRE 3.0 (OA, funding)",29,4.748338081671415e-4
idUS. Depósito de Investigación Universidad de Sevilla,Institutional Repository,"OpenAIRE 3.0 (OA, funding)",29,4.748338081671415e-4
IRIS - Università degli Studi di Catania,Institutional Repository,"OpenAIRE 3.0 (OA, funding)",29,4.748338081671415e-4
OPUS FAU - Online-Publikationssystem der Friedrich-Alexander-Universität Erlangen-Nürnberg,Institutional Repository,"OpenAIRE 3.0 (OA, funding)",29,4.748338081671415e-4
Archivio della ricerca della Scuola Superiore Sant'Anna,Institutional Repository,"OpenAIRE 3.0 (OA, funding)",28,4.584602285751711e-4
ePLUS,Institutional Repository,OpenAIRE Basic (DRIVER OA),28,4.584602285751711e-4
IST PubRep,Institutional Repository,"OpenAIRE 2.0+ (DRIVER OA, EC funding)",28,4.584602285751711e-4
VTT Research Information System,Institutional Repository Aggregator,"OpenAIRE 3.0 (OA, funding)",28,4.584602285751711e-4
Biblioteca Digital da UNICAMP,Institutional Repository,not available,27,4.420866489832007e-4
Norwegian Institute of Public Health Open Repository,Institutional Repository,"OpenAIRE 3.0 (OA, funding)",27,4.420866489832007e-4
PubliCatt,Institutional Repository,"OpenAIRE 3.0 (OA, funding)",27,4.420866489832007e-4
Repository CWI Amsterdam,Institutional Repository,collected from a compatible aggregator,27,4.420866489832007e-4
Social Science Open Access Repository,Thematic Repository,OpenAIRE Basic (DRIVER OA),26,4.257130693912303e-4
UNC Dataverse,Data Repository,not available,26,4.257130693912303e-4
City Research Online,Institutional Repository,collected from a compatible aggregator,25,4.093394897992599e-4
engrXiv,Thematic Repository,OpenAIRE Basic (DRIVER OA),25,4.093394897992599e-4
Open Archive Toulouse Archive Ouverte,Institutional Repository,OpenAIRE Basic (DRIVER OA),25,4.093394897992599e-4
Surrey Research Insight,Institutional Repository,OpenAIRE Basic (DRIVER OA),25,4.093394897992599e-4
Archivio istituzionale della ricerca - Università degli Studi di Udine,Institutional Repository,"OpenAIRE 3.0 (OA, funding)",24,3.9296591020728953e-4
Chalmers Research,Institutional Repository,"OpenAIRE 3.0 (OA, funding)",24,3.9296591020728953e-4
GNOSIS Institutional Repository,Institutional Repository,"OpenAIRE 3.0 (OA, funding)",23,3.765923306153191e-4
Università degli Studi di Napoli Federico Il Open Archive,Institutional Repository,"OpenAIRE 2.0+ (DRIVER OA, EC funding)",23,3.765923306153191e-4
NIOZ Repository,Institutional Repository,"OpenAIRE 3.0 (OA, funding)",22,3.6021875102334875e-4
Repositório da Universidade Nova de Lisboa,Institutional Repository,"OpenAIRE 3.0 (OA, funding)",22,3.6021875102334875e-4
SPIRE - Sciences Po Institutional REpository,Institutional Repository,"OpenAIRE 3.0 (OA, funding)",22,3.6021875102334875e-4
RVC Research Online,Institutional Repository,collected from a compatible aggregator,21,3.4384517143137833e-4
TOBB ETÜ Institutional Repository,Institutional Repository,"OpenAIRE 3.0 (OA, funding)",21,3.4384517143137833e-4
ESC publication,Thematic Repository,collected from a compatible aggregator,20,3.274715918394079e-4
Maynooth University ePrints &amp; eTheses Archive,Institutional Repository,OpenAIRE Basic (DRIVER OA),20,3.274715918394079e-4
Repositório Institucional UNESP,Institutional Repository,not available,20,3.274715918394079e-4
SZTAKI Publication Repository,Thematic Repository,"OpenAIRE 2.0+ (DRIVER OA, EC funding)",20,3.274715918394079e-4
uni≡pub (unipub),Institutional Repository,OpenAIRE Basic (DRIVER OA),20,3.274715918394079e-4
Archivio Istituzionale della Ricerca - Politecnico di Bari,Institutional Repository,"OpenAIRE 3.0 (OA, funding)",19,3.1109801224743754e-4
Brunel University Research Archive,Institutional Repository,OpenAIRE Basic (DRIVER OA),19,3.1109801224743754e-4
medRxiv,Thematic Repository,OpenAIRE Basic (DRIVER OA),19,3.1109801224743754e-4
Mendeley Data,Data Repository,"OpenAIRE Data (funded, referenced datasets)",19,3.1109801224743754e-4
Munin - Open Research Archive,Institutional Repository,"OpenAIRE 3.0 (OA, funding)",19,3.1109801224743754e-4
UCrea,Institutional Repository,"OpenAIRE 3.0 (OA, funding)",19,3.1109801224743754e-4
ePubWU Institutional Repository,Institutional Repository,"OpenAIRE 3.0 (OA, funding)",18,2.947244326554671e-4
Humanities Commons,Data Repository,collected from a compatible aggregator,18,2.947244326554671e-4
SocArXiv,Thematic Repository,OpenAIRE Basic (DRIVER OA),18,2.947244326554671e-4
Agritrop,Institutional Repository,"OpenAIRE 3.0 (OA, funding)",17,2.7835085306349676e-4
Cranfield CERES,Institutional Repository,OpenAIRE Basic (DRIVER OA),17,2.7835085306349676e-4
JKU ePub,Institutional Repository,OpenAIRE Basic (DRIVER OA),17,2.7835085306349676e-4
Qucosa - Technische Universität Dresden,Institutional Repository,"OpenAIRE 3.0 (OA, funding)",17,2.7835085306349676e-4
Repositorio de la UNED,Institutional Repository,"OpenAIRE 3.0 (OA, funding)",17,2.7835085306349676e-4
Servicio de Difusión de la Creación Intelectual,Institutional Repository,OpenAIRE Basic (DRIVER OA),17,2.7835085306349676e-4
University of Lincoln Institutional Repository,Institutional Repository,OpenAIRE Basic (DRIVER OA),17,2.7835085306349676e-4
Web-based Archive of RIVM Publications,Institutional Repository,collected from a compatible aggregator,17,2.7835085306349676e-4
IRIS UNIMORE - Archivio istituzionale della ricerca - Università di Modena e Reggio Emilia,Institutional Repository,"OpenAIRE 3.0 (OA, funding)",16,2.6197727347152634e-4
Publikationer från Stockholms universitet,Institutional Repository,"OpenAIRE 2.0+ (DRIVER OA, EC funding)",16,2.6197727347152634e-4
DRYAD,Data Repository,collected from a compatible aggregator,15,2.4560369387955597e-4
DUGiDocs – Universitat de Girona,Institutional Repository,"OpenAIRE 3.0 (OA, funding)",15,2.4560369387955597e-4
EASY,Data Repository,"OpenAIRE Data (funded, referenced datasets)",15,2.4560369387955597e-4
Ege University Institutional Repository,Institutional Repository,"OpenAIRE 3.0 (OA, funding)",15,2.4560369387955597e-4
HZB Repository,Institutional Repository,"OpenAIRE 3.0 (OA, funding)",15,2.4560369387955597e-4
Nottingham ePrints,Institutional Repository,collected from a compatible aggregator,15,2.4560369387955597e-4
Nottingham eTheses,Institutional Repository,OpenAIRE Basic (DRIVER OA),15,2.4560369387955597e-4
DSpace@IZTECH,Institutional Repository,"OpenAIRE 2.0+ (DRIVER OA, EC funding)",14,2.2923011428758555e-4
Repozytorium Uniwersytetu Śląskiego RE-BUŚ,Institutional Repository,OpenAIRE Basic (DRIVER OA),14,2.2923011428758555e-4
Univerzitní repozitář Masarykovy univerzity,Institutional Repository,"OpenAIRE 3.0 (OA, funding)",14,2.2923011428758555e-4
Vilnius University Institutional Repository,Institutional Repository,"OpenAIRE 3.0 (OA, funding)",14,2.2923011428758555e-4
Aston Publications Explorer,Institutional Repository,collected from a compatible aggregator,13,2.1285653469561516e-4
Digital library (repository) of Tomsk State University,Institutional Repository,OpenAIRE Basic (DRIVER OA),13,2.1285653469561516e-4
Open Access Repository of IISc Research Publications,Institutional Repository,OpenAIRE Basic (DRIVER OA),13,2.1285653469561516e-4
Archivo Digital UPM,Institutional Repository,"OpenAIRE 3.0 (OA, funding)",12,1.9648295510364477e-4
e-space at Manchester Metropolitan University,Institutional Repository,OpenAIRE Basic (DRIVER OA),12,1.9648295510364477e-4
Middlesex University Research Repository,Institutional Repository,collected from a compatible aggregator,12,1.9648295510364477e-4
NILU Brage,Institutional Repository,"OpenAIRE 3.0 (OA, funding)",12,1.9648295510364477e-4
tuprints,Institutional Repository,"OpenAIRE 2.0+ (DRIVER OA, EC funding)",12,1.9648295510364477e-4
UPCommons. Portal del coneixement obert de la UPC,Institutional Repository,"OpenAIRE 3.0 (OA, funding)",12,1.9648295510364477e-4
Archivio Istituzionale della Ricerca - Università degli Studi di Perugia,Institutional Repository,"OpenAIRE 3.0 (OA, funding)",11,1.8010937551167437e-4
Archivio istituzionale della ricerca - Università di Camerino,Institutional Repository,"OpenAIRE 3.0 (OA, funding)",11,1.8010937551167437e-4
Dutch Institute for Fundamental Energy Research,Institutional Repository,collected from a compatible aggregator,11,1.8010937551167437e-4
Repository of the University of Ljubljana,Institutional Repository,"OpenAIRE 3.0 (OA, funding)",11,1.8010937551167437e-4
Scientific Electronic Library Online - Brazil,Publication Repository Aggregator,OpenAIRE Basic (DRIVER OA),11,1.8010937551167437e-4
SOAS Research Online,Institutional Repository,collected from a compatible aggregator,11,1.8010937551167437e-4
The IT University of Copenhagen's Repository,Institutional Repository,OpenAIRE Basic (DRIVER OA),11,1.8010937551167437e-4
TNO Repository - hosted by TU Delft Library,Institutional Repository,collected from a compatible aggregator,11,1.8010937551167437e-4
"Access to Research at National University of Ireland, Galway",Institutional Repository,OpenAIRE Basic (DRIVER OA),10,1.6373579591970395e-4
Agencia Nacional de Investigación y Desarrollo,Institutional Repository,not available,10,1.6373579591970395e-4
Bournemouth University Research Online,Institutional Repository,collected from a compatible aggregator,10,1.6373579591970395e-4
Institutional repository of Ural Federal University named after the first President of Russia B.N.Yeltsin,Institutional Repository,"OpenAIRE 3.0 (OA, funding)",10,1.6373579591970395e-4
Münstersches Informations und Archivsystem für Multimediale Inhalte,Institutional Repository,OpenAIRE Basic (DRIVER OA),10,1.6373579591970395e-4
Repositorio de Objetos de Docencia e Investigación de la Universidad de Cádiz,Institutional Repository,"OpenAIRE 2.0+ (DRIVER OA, EC funding)",10,1.6373579591970395e-4
Rothamsted Repository,Institutional Repository,OpenAIRE PubRepos v4.0,10,1.6373579591970395e-4
ACU Research Bank,Institutional Repository,OpenAIRE Basic (DRIVER OA),9,1.4736221632773356e-4
Archivio Istituzionale della Ricerca- Università degli Studi di Messina,Institutional Repository,"OpenAIRE 3.0 (OA, funding)",9,1.4736221632773356e-4
edoc-Server. Open-Access-Publikationsserver der Humboldt-Universität zu Berlin,Institutional Repository,"OpenAIRE 3.0 (OA, funding)",9,1.4736221632773356e-4
Institutional Repository,Institutional Repository,collected from a compatible aggregator,9,1.4736221632773356e-4
Investigo,Institutional Repository,"OpenAIRE 2.0+ (DRIVER OA, EC funding)",9,1.4736221632773356e-4
Sheffield Hallam University Research Archive,Institutional Repository,collected from a compatible aggregator,9,1.4736221632773356e-4
UEF eRepository,Institutional Repository,"OpenAIRE 2.0+ (DRIVER OA, EC funding)",9,1.4736221632773356e-4
University of Innsbruck Digital Library,Institutional Repository,OpenAIRE Basic (DRIVER OA),9,1.4736221632773356e-4
Archined,Institutional Repository,"OpenAIRE 3.0 (OA, funding)",8,1.3098863673576317e-4
Archivio istituzionale della ricerca - Fondazione Edmund Mach,Institutional Repository,"OpenAIRE 3.0 (OA, funding)",8,1.3098863673576317e-4
Archivio Istituzionale Università di Bergamo,Institutional Repository,"OpenAIRE 3.0 (OA, funding)",8,1.3098863673576317e-4
HAL Evry,Institutional Repository,OpenAIRE Basic (DRIVER OA),8,1.3098863673576317e-4
Hereon Publication Database,Publication Repository,"OpenAIRE 3.0 (OA, funding)",8,1.3098863673576317e-4
ISTI Open Portal,Institutional Repository,"OpenAIRE 3.0 (OA, funding)",8,1.3098863673576317e-4
"VinaR - Repository of the Vinča Institute of Nuclear Sciences, University of Belgrade",Institutional Repository,"OpenAIRE 3.0 (OA, funding)",8,1.3098863673576317e-4
Academica-e,Institutional Repository,"OpenAIRE 2.0+ (DRIVER OA, EC funding)",7,1.1461505714379278e-4
AMS Acta,Data Repository,not available,7,1.1461505714379278e-4
Archivio della ricerca - Università degli studi di Napoli &quot;Parthenope&quot;,Institutional Repository,"OpenAIRE 3.0 (OA, funding)",7,1.1461505714379278e-4
B2FIND,Data Repository,"OpenAIRE Data (funded, referenced datasets)",7,1.1461505714379278e-4
Brage IMR,Institutional Repository,"OpenAIRE 3.0 (OA, funding)",7,1.1461505714379278e-4
HAL-Lyon 3,Institutional Repository,"OpenAIRE 3.0 (OA, funding)",7,1.1461505714379278e-4
InTech,Publication Repository Aggregator,OpenAIRE Basic (DRIVER OA),7,1.1461505714379278e-4
OAR@UM,Institutional Repository,"OpenAIRE 3.0 (OA, funding)",7,1.1461505714379278e-4
Qucosa - Technische Universität Bergakademie Freiberg,Institutional Repository,"OpenAIRE 3.0 (OA, funding)",7,1.1461505714379278e-4
Repository of the University of Namur,Institutional Repository,OpenAIRE Basic (DRIVER OA),7,1.1461505714379278e-4
SAS-SPACE,Institutional Repository,collected from a compatible aggregator,7,1.1461505714379278e-4
AMS Acta,Institutional Repository,"OpenAIRE 3.0 (OA, funding)",6,9.824147755182238e-5
Archivio Istituzionale della Ricerca - Università degli Studi di Cassino,Institutional Repository,"OpenAIRE 3.0 (OA, funding)",6,9.824147755182238e-5
Çukurova University Institutional Repository,Institutional Repository,"OpenAIRE 3.0 (OA, funding)",6,9.824147755182238e-5
E-LIB Dokumentserver - Staats und Universitätsbibliothek Bremen,Institutional Repository,"OpenAIRE 3.0 (OA, funding)",6,9.824147755182238e-5
GREDOS,Institutional Repository,OpenAIRE PubRepos v4.0,6,9.824147755182238e-5
Greenwich Academic Literature Archive,Institutional Repository,collected from a compatible aggregator,6,9.824147755182238e-5
Hes-so: ArODES Open Archive (University of Applied Sciences and Arts Western Switzerland,Institutional Repository,OpenAIRE Basic (DRIVER OA),6,9.824147755182238e-5
HRČAK - Portal of scientific journals of Croatia,Publication Repository Aggregator,"OpenAIRE 3.0 (OA, funding)",6,9.824147755182238e-5
KITopen,Data Repository,"OpenAIRE Data (funded, referenced datasets)",6,9.824147755182238e-5
MACAU: Open Access Repository of Kiel University,Institutional Repository,"OpenAIRE 3.0 (OA, funding)",6,9.824147755182238e-5
RCSI Repository,Institutional Repository,OpenAIRE Basic (DRIVER OA),6,9.824147755182238e-5
Repositório do ISCTE-IUL,Institutional Repository,"OpenAIRE 2.0+ (DRIVER OA, EC funding)",6,9.824147755182238e-5
UWL Repository,Institutional Repository,collected from a compatible aggregator,6,9.824147755182238e-5
Национальный агрегатор открытых репозиториев российских университетов (HOPA),Institutional Repository Aggregator,"OpenAIRE 3.0 (OA, funding)",6,9.824147755182238e-5
ARROW@DIT,Institutional Repository,OpenAIRE Basic (DRIVER OA),5,8.186789795985198e-5
De Montfort University Open Research Archive,Institutional Repository,"OpenAIRE 3.0 (OA, funding)",5,8.186789795985198e-5
Digitale Bibliothek Braunschweig,Institutional Repository,OpenAIRE Basic (DRIVER OA),5,8.186789795985198e-5
Elektronisches Publikationsportal der Österreichischen Akademie der Wissenschaften,Institutional Repository,"OpenAIRE 2.0+ (DRIVER OA, EC funding)",5,8.186789795985198e-5
Epsilon Open Archive,Institutional Repository,OpenAIRE Basic (DRIVER OA),5,8.186789795985198e-5
EPub Bayreuth,Institutional Repository,"OpenAIRE 3.0 (OA, funding)",5,8.186789795985198e-5
eResearch@Ozyegin,Institutional Repository,"OpenAIRE 3.0 (OA, funding)",5,8.186789795985198e-5
EURECOM Repository,Institutional Repository,OpenAIRE Basic (DRIVER OA),5,8.186789795985198e-5
Open Marine Archive,Thematic Repository,"OpenAIRE 3.0 (OA, funding)",5,8.186789795985198e-5
Repositório Aberto da Universidade do Porto,Institutional Repository,"OpenAIRE 3.0 (OA, funding)",5,8.186789795985198e-5
Repositorio Institucional EdocUR,Institutional Repository,OpenAIRE PubRepos v4.0,5,8.186789795985198e-5
University of Salford Institutional Repository,Institutional Repository,collected from a compatible aggregator,5,8.186789795985198e-5
Alexandria Research Platform,Institutional Repository,OpenAIRE Basic (DRIVER OA),4,6.549431836788158e-5
Anglia Ruskin Research Online,Institutional Repository,collected from a compatible aggregator,4,6.549431836788158e-5
Archivio istituzionale della ricerca - Università dell'Insubria,Institutional Repository,"OpenAIRE 3.0 (OA, funding)",4,6.549431836788158e-5
BI Open,Institutional Repository,"OpenAIRE 3.0 (OA, funding)",4,6.549431836788158e-5
BodoArXiv,Thematic Repository,OpenAIRE Basic (DRIVER OA),4,6.549431836788158e-5
Brown Digital Repository,Data Repository,collected from a compatible aggregator,4,6.549431836788158e-5
Dalarna University College Electronic Archive,Institutional Repository,"OpenAIRE 2.0+ (DRIVER OA, EC funding)",4,6.549431836788158e-5
Digital repository of Slovenian research organizations,Institutional Repository,"OpenAIRE 3.0 (OA, funding)",4,6.549431836788158e-5
DigitalCommons@USU,Institutional Repository,OpenAIRE Basic (DRIVER OA),4,6.549431836788158e-5
Edinburgh Research Archive,Institutional Repository,OpenAIRE Basic (DRIVER OA),4,6.549431836788158e-5
Karamanoğlu Mehmetbey Üniversitesi Akademik Arşiv Sistemi,Institutional Repository,"OpenAIRE 3.0 (OA, funding)",4,6.549431836788158e-5
Ministry of Culture Research Portal,Thematic Repository,OpenAIRE Basic (DRIVER OA),4,6.549431836788158e-5
Open Archive: Publications from Karolinska Institutet,Institutional Repository,OpenAIRE Basic (DRIVER OA),4,6.549431836788158e-5
Repertorio Competenze e Ricerche,Publication Repository,OpenAIRE 2.0 (EC funding),4,6.549431836788158e-5
Reti Medievali Open Archive,Thematic Repository,"OpenAIRE 3.0 (OA, funding)",4,6.549431836788158e-5
Revistes Catalanes amb Accés Obert,Publication Repository Aggregator,OpenAIRE Basic (DRIVER OA),4,6.549431836788158e-5
Scientific Electronic Library Online - Portugal,Publication Repository Aggregator,OpenAIRE Basic (DRIVER OA),4,6.549431836788158e-5
Uşak Üniversitesi Kurumsal Akademik Arşiv Sistemi,Institutional Repository,OpenAIRE Basic (DRIVER OA),4,6.549431836788158e-5
Agder University Research Archive,Institutional Repository,"OpenAIRE 3.0 (OA, funding)",3,4.912073877591119e-5
Beykent University Institutional Repository,Institutional Repository,OpenAIRE Basic (DRIVER OA),3,4.912073877591119e-5
Digital Library of Slovenia,Institutional Repository,"OpenAIRE 3.0 (OA, funding)",3,4.912073877591119e-5
Forschungsindex und Repositorium der Leuphana Universität Lüneburg,Institutional Repository,"OpenAIRE 3.0 (OA, funding)",3,4.912073877591119e-5
Giessener Elektronische Bibliothek,Institutional Repository,OpenAIRE Basic (DRIVER OA),3,4.912073877591119e-5
Helmholtz Zentrum für Infektionsforschung Repository,Institutional Repository,"OpenAIRE 3.0 (OA, funding)",3,4.912073877591119e-5
Kingston University Research Repository,Institutional Repository,collected from a compatible aggregator,3,4.912073877591119e-5
"KOBRA: Kasseler OnlineBibliothek, Repository und Archiv",Institutional Repository,"OpenAIRE 3.0 (OA, funding)",3,4.912073877591119e-5
Natural History Museum Repository,Institutional Repository,"OpenAIRE 3.0 (OA, funding)",3,4.912073877591119e-5
NIBIO Brage,Institutional Repository,"OpenAIRE 3.0 (OA, funding)",3,4.912073877591119e-5
NORCE Research Archive,Institutional Repository,OpenAIRE Basic (DRIVER OA),3,4.912073877591119e-5
North-West University Institutional Repository,Institutional Repository,OpenAIRE Basic (DRIVER OA),3,4.912073877591119e-5
Online Publikationen der Universität Stuttgart,Institutional Repository,OpenAIRE Basic (DRIVER OA),3,4.912073877591119e-5
Open Knowledge Repository,Institutional Repository,OpenAIRE Basic (DRIVER OA),3,4.912073877591119e-5
Publikationer från Högskolan i Skövde,Institutional Repository,"OpenAIRE 3.0 (OA, funding)",3,4.912073877591119e-5
Publikationsserver des Robert Koch-Instituts,Institutional Repository,OpenAIRE Basic (DRIVER OA),3,4.912073877591119e-5
Repositorio Académico de la Universidad Nacional de Costa Rica,Institutional Repository,not available,3,4.912073877591119e-5
Repositorio Documental de la Universidad de Valladolid,Institutional Repository,OpenAIRE PubRepos v4.0,3,4.912073877591119e-5
Repositorio Institucional de la Universidad de Burgos,Institutional Repository,OpenAIRE Basic (DRIVER OA),3,4.912073877591119e-5
Repositorio Institucional Universidad de Málaga,Institutional Repository,OpenAIRE Basic (DRIVER OA),3,4.912073877591119e-5
"Repository of the University of Rijeka, Faculty of Medicine",Institutional Repository,"OpenAIRE 3.0 (OA, funding)",3,4.912073877591119e-5
Research Data Unipd,Data Repository,"OpenAIRE Data (funded, referenced datasets)",3,4.912073877591119e-5
riUAL - Repositorio Institucional de la Universidad de Almería (Spain),Institutional Repository,"OpenAIRE 3.0 (OA, funding)",3,4.912073877591119e-5
Scientific Electronic Library Online - South Africa,Publication Repository Aggregator,OpenAIRE Basic (DRIVER OA),3,4.912073877591119e-5
uBibliorum Repositorio Digital DA UBI,Institutional Repository,OpenAIRE Basic (DRIVER OA),3,4.912073877591119e-5
Наукова електронна бібліотека періодичних видань НАН України (Vernadsky National Library of Ukraine),Publication Repository,OpenAIRE Basic (DRIVER OA),3,4.912073877591119e-5
Archivio della Ricerca - Università di Salerno,Institutional Repository,"OpenAIRE 3.0 (OA, funding)",2,3.274715918394079e-5
Archivio Istituzionale della Ricerca - Università degli Studi dell Aquila,Institutional Repository,"OpenAIRE 3.0 (OA, funding)",2,3.274715918394079e-5
ARCHIVIO ISTITUZIONALE DELLA RICERCA-UNIVERSITA' DEGLI STUDI DI NAPOLI &quot;L'ORIENTALE&quot;,Institutional Repository,"OpenAIRE 3.0 (OA, funding)",2,3.274715918394079e-5
"Cherry - Repository of the Faculty of Chemistry, University of Belgrade",Institutional Repository,"OpenAIRE 3.0 (OA, funding)",2,3.274715918394079e-5
DCU Online Research Access Service,Institutional Repository,OpenAIRE Basic (DRIVER OA),2,3.274715918394079e-5
Digital Library University of West Bohemia,Institutional Repository,"OpenAIRE 3.0 (OA, funding)",2,3.274715918394079e-5
DIGITAL.CSIC,Data Repository,collected from a compatible aggregator,2,3.274715918394079e-5
EcoEvoRxiv Preprints,Thematic Repository,OpenAIRE Basic (DRIVER OA),2,3.274715918394079e-5
Érudit,Thematic Repository,OpenAIRE PubRepos v4.0,2,3.274715918394079e-5
"FarFar - Pharmacy Repository, University of Belgrade",Institutional Repository,OpenAIRE Basic (DRIVER OA),2,3.274715918394079e-5
Gazi University Dspace,Institutional Repository,OpenAIRE 2.0 (EC funding),2,3.274715918394079e-5
Gene Expression Omnibus,Data Repository,not available,2,3.274715918394079e-5
Goldsmiths Research Online,Institutional Repository,collected from a compatible aggregator,2,3.274715918394079e-5
HBO Kennisbank,Institutional Repository Aggregator,collected from a compatible aggregator,2,3.274715918394079e-5
HKU Scholars Hub,Institutional Repository,OpenAIRE Basic (DRIVER OA),2,3.274715918394079e-5
HVL Open,Institutional Repository,"OpenAIRE 3.0 (OA, funding)",2,3.274715918394079e-5
Institutional Repository of the Technical University of Crete (DIAS),Institutional Repository,"OpenAIRE 3.0 (OA, funding)",2,3.274715918394079e-5
IRTA Pubpro,Institutional Repository,"OpenAIRE 3.0 (OA, funding)",2,3.274715918394079e-5
KISTI Open Repository,Publication Repository Aggregator,"OpenAIRE 3.0 (OA, funding)",2,3.274715918394079e-5
OA@INAF - Istituto Nazionale di Astrofisica,Institutional Repository,OpenAIRE Basic (DRIVER OA),2,3.274715918394079e-5
Oldenburger Online Publikations Server,Institutional Repository,OpenAIRE Basic (DRIVER OA),2,3.274715918394079e-5
Open Access Repository,Institutional Repository,"OpenAIRE 3.0 (OA, funding)",2,3.274715918394079e-5
Open Natuur Archief (Open Nature Archive),Publication Repository,OpenAIRE Basic (DRIVER OA),2,3.274715918394079e-5
Papyrus : Dépôt institutionnel - Université de Montréal,Institutional Repository,OpenAIRE PubRepos v4.0,2,3.274715918394079e-5
Propylaeum-DOK,Thematic Repository,OpenAIRE Basic (DRIVER OA),2,3.274715918394079e-5
PRoteomics IDEntifications Database,Data Repository,not available,2,3.274715918394079e-5
Publikationer från Karlstads Universitet,Institutional Repository,"OpenAIRE 2.0+ (DRIVER OA, EC funding)",2,3.274715918394079e-5
Publikationer från Södertörns Högskola,Institutional Repository,"OpenAIRE 3.0 (OA, funding)",2,3.274715918394079e-5
Purdue E-Scholar,Institutional Repository,OpenAIRE Basic (DRIVER OA),2,3.274715918394079e-5
RaY - Research at York St John,Institutional Repository,collected from a compatible aggregator,2,3.274715918394079e-5
Repositório Institucional da UFVJM,Institutional Repository,not available,2,3.274715918394079e-5
Repositorio Institucional de la Universidad de Costa Rica,Institutional Repository,not available,2,3.274715918394079e-5
Repositorio Institucional del Banco de España,Institutional Repository,"OpenAIRE 3.0 (OA, funding)",2,3.274715918394079e-5
Repository of Nicolaus Copernicus University,Institutional Repository,OpenAIRE Basic (DRIVER OA),2,3.274715918394079e-5
reposiTUm,Institutional Repository,OpenAIRE PubRepos v4.0,2,3.274715918394079e-5
RODARE,Data Repository,"OpenAIRE Data (funded, referenced datasets)",2,3.274715918394079e-5
RUIdeRA,Institutional Repository,"OpenAIRE 3.0 (OA, funding)",2,3.274715918394079e-5
Sabanci University Research Database,Institutional Repository,OpenAIRE Basic (DRIVER OA),2,3.274715918394079e-5
"Scientia, Dipòsit d’Informació Digital del Departament de Salut",Publication Repository,"OpenAIRE 3.0 (OA, funding)",2,3.274715918394079e-5
Scientific Electronic Library Online - Chile,Publication Repository Aggregator,OpenAIRE Basic (DRIVER OA),2,3.274715918394079e-5
"SMILE - School of dental Medicine dIgitaL archivE, University of Belgrade",Institutional Repository,"OpenAIRE 3.0 (OA, funding)",2,3.274715918394079e-5
Sunderland University Institutional Repository,Institutional Repository,collected from a compatible aggregator,2,3.274715918394079e-5
TECNALIA Publications,Institutional Repository,"OpenAIRE 3.0 (OA, funding)",2,3.274715918394079e-5
University of Bath Research Data Archive,Data Repository,"OpenAIRE Data (funded, referenced datasets)",2,3.274715918394079e-5
University of Huddersfield Repository,Institutional Repository,collected from a compatible aggregator,2,3.274715918394079e-5
ZHAW digitalcollection,Institutional Repository,"OpenAIRE 3.0 (OA, funding)",2,3.274715918394079e-5
4TU.Centre for Research Data,Data Repository,"OpenAIRE Data (funded, referenced datasets)",1,1.6373579591970396e-5
Access to Research and Communications Annals,Institutional Repository,"OpenAIRE 3.0 (OA, funding)",1,1.6373579591970396e-5
ACM Digital Library,Publication Repository Aggregator,OpenAIRE 2.0 (EC funding),1,1.6373579591970396e-5
AfricArXiv,Thematic Repository,OpenAIRE Basic (DRIVER OA),1,1.6373579591970396e-5
Arca - Repositório Institucional da Fiocruz,Institutional Repository,not available,1,1.6373579591970396e-5
Archive institutionnelle Ifsttar,Institutional Repository,"OpenAIRE 3.0 (OA, funding)",1,1.6373579591970396e-5
Archive N.E.E.O. U.T.1,Publication Repository,OpenAIRE Basic (DRIVER OA),1,1.6373579591970396e-5
Archivio della Ricerca - Università degli Studi di Teramo,Institutional Repository,"OpenAIRE 3.0 (OA, funding)",1,1.6373579591970396e-5
Archivio istituzionale della ricerca - Università IUAV di Venezia,Institutional Repository,"OpenAIRE 3.0 (OA, funding)",1,1.6373579591970396e-5
Archivo Climatológico y Meteorológico Institucional de AEMET,Institutional Repository,"OpenAIRE 3.0 (OA, funding)",1,1.6373579591970396e-5
ArtXiker - @HAL,Thematic Repository,"OpenAIRE 3.0 (OA, funding)",1,1.6373579591970396e-5
Balıkesir University Institutional Repository,Institutional Repository,OpenAIRE Basic (DRIVER OA),1,1.6373579591970396e-5
Bezmialem Vakif University Academic Open Access System,Institutional Repository,OpenAIRE Basic (DRIVER OA),1,1.6373579591970396e-5
Biblioteca Digital de la Universidad de Alcalá,Institutional Repository,"OpenAIRE 3.0 (OA, funding)",1,1.6373579591970396e-5
BieColl - Bielefeld Electronic Collections,Institutional Repository,OpenAIRE Basic (DRIVER OA),1,1.6373579591970396e-5
"Calhoun, Institutional Archive of the Naval Postgraduate School",Publication Repository,OpenAIRE Basic (DRIVER OA),1,1.6373579591970396e-5
CICERO Research Archive,Institutional Repository,"OpenAIRE 3.0 (OA, funding)",1,1.6373579591970396e-5
citaREA Repositorio Electrónico Agroalimentario,Institutional Repository,OpenAIRE Basic (DRIVER OA),1,1.6373579591970396e-5
CorpusUL,Institutional Repository,"OpenAIRE 3.0 (OA, funding)",1,1.6373579591970396e-5
CyberLeninka - Russian open access scientific library,Publication Repository Aggregator,"OpenAIRE 3.0 (OA, funding)",1,1.6373579591970396e-5
DSpace at Open Universiteit Nederland,Institutional Repository,collected from a compatible aggregator,1,1.6373579591970396e-5
DSpace at Tartu University Library,Institutional Repository,OpenAIRE Basic (DRIVER OA),1,1.6373579591970396e-5
Duzce Üniversitesi Akademik Arşiv Sistemi,Institutional Repository,OpenAIRE Basic (DRIVER OA),1,1.6373579591970396e-5
EconStor,Thematic Repository,"OpenAIRE 2.0+ (DRIVER OA, EC funding)",1,1.6373579591970396e-5
Education and Research Archive,Institutional Repository,OpenAIRE Basic (DRIVER OA),1,1.6373579591970396e-5
Electronic archive of Tomsk Polytechnic University,Institutional Repository,"OpenAIRE 3.0 (OA, funding)",1,1.6373579591970396e-5
Erciyes University - AVESIS,Institutional Repository,"OpenAIRE 3.0 (OA, funding)",1,1.6373579591970396e-5
GenderOpen - Repositorium für die Geschlechterforschung,Thematic Repository,"OpenAIRE 3.0 (OA, funding)",1,1.6373579591970396e-5
GEO-LEO e-docs,Thematic Repository,OpenAIRE Basic (DRIVER OA),1,1.6373579591970396e-5
"GraFar - Repository of the Faculty of Civil Engineering, University of Belgrade",Institutional Repository,"OpenAIRE 3.0 (OA, funding)",1,1.6373579591970396e-5
Hacettepe Üniversitesi Açık Erişim Sistemi,Institutional Repository,OpenAIRE Basic (DRIVER OA),1,1.6373579591970396e-5
Heidelberger Dokumentenserver,Institutional Repository,"OpenAIRE 2.0+ (DRIVER OA, EC funding)",1,1.6373579591970396e-5
Hertie School Research Repository,Institutional Repository,"OpenAIRE 3.0 (OA, funding)",1,1.6373579591970396e-5
Institutional Repository of Nature Research Centre,Institutional Repository,"OpenAIRE 3.0 (OA, funding)",1,1.6373579591970396e-5
Institutional Repository of the National University of Rio Negro,Institutional Repository,not available,1,1.6373579591970396e-5
IRIS Catalogo dei prodotti della ricerca scientifica LUISS,Institutional Repository,"OpenAIRE 3.0 (OA, funding)",1,1.6373579591970396e-5
Iskenderun Technical University Institutional Repository,Institutional Repository,OpenAIRE Basic (DRIVER OA),1,1.6373579591970396e-5
Istanbul Bilgi University Library Open Access,Institutional Repository,OpenAIRE Basic (DRIVER OA),1,1.6373579591970396e-5
İstanbul Medipol University Institutional Repository,Institutional Repository,"OpenAIRE 3.0 (OA, funding)",1,1.6373579591970396e-5
İstinye University Institutional Repository,Institutional Repository,OpenAIRE PubRepos v4.0,1,1.6373579591970396e-5
LUHS eDoc Institutional Repository,Institutional Repository,"OpenAIRE 3.0 (OA, funding)",1,1.6373579591970396e-5
MAnnheim DOCument Server,Institutional Repository,OpenAIRE Basic (DRIVER OA),1,1.6373579591970396e-5
NaRDuS - Nacionalni repozitorijum disertacija u Srbiji,Publication Repository Aggregator,"OpenAIRE 3.0 (OA, funding)",1,1.6373579591970396e-5
NOFIMA vitenarkiv,Institutional Repository,"OpenAIRE 3.0 (OA, funding)",1,1.6373579591970396e-5
NUPI Research Online,Institutional Repository,"OpenAIRE 3.0 (OA, funding)",1,1.6373579591970396e-5
Open Access Repository of the Scientific Information Service for Mobility and Transport Research (FID move),Institutional Repository,"OpenAIRE 3.0 (OA, funding)",1,1.6373579591970396e-5
Open-Access-Repositorium der TH Wildau,Institutional Repository,OpenAIRE Basic (DRIVER OA),1,1.6373579591970396e-5
OpenUCT,Institutional Repository,OpenAIRE PubRepos v4.0,1,1.6373579591970396e-5
Organic Eprints,Thematic Repository,"OpenAIRE 2.0+ (DRIVER OA, EC funding)",1,1.6373579591970396e-5
Publikationer från Högskolan i Jönköping,Institutional Repository,"OpenAIRE 2.0+ (DRIVER OA, EC funding)",1,1.6373579591970396e-5
Publikationer från Örebro universitet,Institutional Repository,"OpenAIRE 2.0+ (DRIVER OA, EC funding)",1,1.6373579591970396e-5
QSpace,Institutional Repository,OpenAIRE PubRepos v4.0,1,1.6373579591970396e-5
Qucosa - Publikationsserver der Universität Leipzig,Institutional Repository,"OpenAIRE 3.0 (OA, funding)",1,1.6373579591970396e-5
Qucosa: Sächsische Landesbibliothek - Staats- und Universitätsbibliothek Dresden,Institutional Repository,"OpenAIRE 3.0 (OA, funding)",1,1.6373579591970396e-5
"RADaR -  Institute for Biological Research Sinisa Stankovic, University of Belgrade",Publication Repository Aggregator,"OpenAIRE 3.0 (OA, funding)",1,1.6373579591970396e-5
Repositori Institucional URV,Institutional Repository,"OpenAIRE 3.0 (OA, funding)",1,1.6373579591970396e-5
Repositório Digital do IPEN/SP - Brasil,Institutional Repository,not available,1,1.6373579591970396e-5
Repositorio Hipermedial de la Universidad Nacional de Rosario,Institutional Repository,not available,1,1.6373579591970396e-5
Repositorio Universidad de Santander - UDES,Institutional Repository,OpenAIRE Basic (DRIVER OA),1,1.6373579591970396e-5
Repository@Napier,Institutional Repository,collected from a compatible aggregator,1,1.6373579591970396e-5
Research SPAce,Institutional Repository,collected from a compatible aggregator,1,1.6373579591970396e-5
Scientific documents from the Saarland University,Institutional Repository,"OpenAIRE 3.0 (OA, funding)",1,1.6373579591970396e-5
Scientific Electronic Library Online - Colombia,Publication Repository Aggregator,OpenAIRE Basic (DRIVER OA),1,1.6373579591970396e-5
Solent University Research Portal,Institutional Repository,OpenAIRE Basic (DRIVER OA),1,1.6373579591970396e-5
Suleyman Demirel University Research Repository,Institutional Repository,OpenAIRE Basic (DRIVER OA),1,1.6373579591970396e-5
Swedish Institute of Computer Science Publications Database,Institutional Repository,OpenAIRE Basic (DRIVER OA),1,1.6373579591970396e-5
SZTE Publicatio Repozitórium - SZTE - Repository of Publications,Institutional Repository,OpenAIRE Basic (DRIVER OA),1,1.6373579591970396e-5
TUHH Open Research,Institutional Repository,"OpenAIRE 3.0 (OA, funding)",1,1.6373579591970396e-5
UGD Academic Repository,Institutional Repository,OpenAIRE Basic (DRIVER OA),1,1.6373579591970396e-5
UIC Open Acces Archive,Institutional Repository,"OpenAIRE 3.0 (OA, funding)",1,1.6373579591970396e-5
Unitus DSpace,Institutional Repository,OpenAIRE Basic (DRIVER OA),1,1.6373579591970396e-5
"University of Gloucestershire, Research Repository",Institutional Repository,collected from a compatible aggregator,1,1.6373579591970396e-5
University of Worcester Research and Publications,Institutional Repository,collected from a compatible aggregator,1,1.6373579591970396e-5
University of Zagreb Medical School Repository,Institutional Repository,OpenAIRE Basic (DRIVER OA),1,1.6373579591970396e-5
UPCommons - Research Data,Data Repository,"OpenAIRE Data (funded, referenced datasets)",1,1.6373579591970396e-5
